id,title_id,real_name,character_name,role
1,308,Marco,Anderson,Actress
2,407,Misty,Dakota,Director
3,3140,Evie,Angel,Director
4,3223,Providenci,Jaden,Costume Designer
5,3482,Maya,Harper,Actor
6,1370,Leilani,Parker,Producer
7,1481,Delilah,Riley,Costume Designer
8,3158,Jalen,Jaden,Actress
9,940,Elwyn,Anderson,Director
10,1915,Irving,James,Screenwriter
11,3503,Wiley,Finley,Actress
12,700,Jarrell,Shawn,Cinematographer
13,1985,Madaline,Shawn,Costume Designer
14,2382,Grayce,Sage,Cinematographer
15,488,Leonie,Angel,Production Designer
16,972,Cassandra,August,Production Designer
17,858,Maymie,Finley,Producer
18,341,Clarabelle,Jamie,Cinematographer
19,3386,Guy,Addison,Actress
20,1950,Parker,Austin,Costume Designer
21,1082,Jeanette,Rowan,Production Designer
22,2994,Loy,Logan,Actor
23,3136,Tess,River,Screenwriter
24,1206,Jamie,London,Actor
25,140,Brant,Alex,Production Designer
26,1328,Merritt,Quinn,Screenwriter
27,2205,Laurine,Ryan,Music Composer
28,1308,Shyann,London,Film Editor
29,2681,Loyal,Reign,Music Composer
30,1429,Kevin,Ryan,Director
31,3161,Leo,River,Actor
32,2819,Grady,Leslie,Production Designer
33,2823,Amira,Reagan,Director
34,409,Robin,Robin,Cinematographer
35,1218,Tiara,Kai,Costume Designer
36,2271,Isom,North,Actor
37,2313,Kayden,Gray,Cinematographer
38,3531,Claude,Blake,Actor
39,1040,Genesis,Blake,Film Editor
40,1093,Bettie,Charlie,Director
41,600,Lelia,Logan,Film Editor
42,209,Casandra,Avery,Music Composer
43,3196,Samanta,Gray,Actress
44,2618,Norbert,Kendall,Director
45,503,Winfield,August,Costume Designer
46,414,Javonte,Addison,Actress
47,357,Aurelio,Arden,Director
48,2159,Berenice,Rory,Production Designer
49,1637,Zander,Kennedy,Actor
50,666,Dante,Billie,Production Designer
51,1263,Aleen,Anderson,Director
52,2693,Whitney,Logan,Screenwriter
53,2723,Amparo,Leslie,Screenwriter
54,660,Prince,Harper,Actor
55,3385,Alverta,August,Producer
56,3453,Ford,Alex,Music Composer
57,22,Dayton,Skyler,Music Composer
58,1631,Melisa,Quinn,Producer
59,1431,Oswaldo,Billie,Film Editor
60,1790,Lindsey,River,Costume Designer
61,2944,Tyra,Sawyer,Costume Designer
62,1064,Blanca,Anderson,Actor
63,1296,Kory,Jaden,Cinematographer
64,422,Mae,Robin,Producer
65,1372,Jose,Blake,Film Editor
66,2686,Art,Elliott,Actress
67,2109,Nat,Jamie,Costume Designer
68,1763,Myrtice,Jordan,Film Editor
69,1765,Joey,Parker,Screenwriter
70,3319,Tressie,Robin,Film Editor
71,658,Timmy,Addison,Director
72,2826,Cassandra,Blake,Production Designer
73,71,Savanna,Corey,Actor
74,1751,Mireille,Skyler,Music Composer
75,892,Damion,Sage,Actress
76,2895,Olen,Addison,Screenwriter
77,334,Lavern,Rowan,Screenwriter
78,1523,Jessica,Skyler,Director
79,2711,Jadyn,Reagan,Actress
80,324,Berenice,Arden,Production Designer
81,1542,Kyleigh,Quinn,Director
82,2001,Gerard,Jamie,Actor
83,2037,Veda,Finley,Actor
84,936,Garett,Rory,Production Designer
85,373,Orie,Phoenix,Music Composer
86,1408,Robbie,Austin,Costume Designer
87,3436,Elinor,James,Costume Designer
88,1872,Ross,Billie,Costume Designer
89,2244,Conrad,Alex,Actress
90,3098,Mackenzie,Hayden,Producer
91,594,Joey,Nico,Film Editor
92,1978,Libby,Quinn,Costume Designer
93,3093,Adrien,Arden,Screenwriter
94,2647,Arvid,Nico,Cinematographer
95,883,Rudolph,Kendall,Director
96,2010,Lavern,Hayden,Screenwriter
97,937,Colleen,Logan,Cinematographer
98,2918,Aurelie,Cameron,Costume Designer
99,1904,Rosalinda,Gray,Film Editor
100,3322,Oceane,Finley,Cinematographer
101,2683,Buster,Reign,Producer
102,2729,Michael,Arden,Production Designer
103,14,Melody,Bailey,Cinematographer
104,993,Giuseppe,Dakota,Producer
105,2088,Adele,Phoenix,Director
106,2286,Tomas,Kyle,Film Editor
107,1800,Kristina,Skyler,Cinematographer
108,1684,Joseph,Logan,Costume Designer
109,1143,Americo,Finley,Film Editor
110,788,Aurore,Sawyer,Producer
111,2394,Ola,Noah,Actor
112,132,Icie,Blake,Costume Designer
113,2927,Brandyn,Kendall,Film Editor
114,2017,Regan,Leslie,Screenwriter
115,3254,Donald,Noah,Music Composer
116,2938,Kara,Jaden,Cinematographer
117,2793,Cora,Emerson,Producer
118,1171,Magali,Anderson,Costume Designer
119,1988,Vicky,Bowie,Production Designer
120,3099,Jeremie,Greer,Director
121,3291,Grace,Charlie,Music Composer
122,2011,Donnie,Corey,Director
123,459,Dayne,Shawn,Actor
124,3357,Xander,Ellis,Cinematographer
125,2073,Darrick,Shawn,Actress
126,2136,Lily,Drew,Film Editor
127,1852,Antonina,Arden,Screenwriter
128,2149,Dejon,Charlie,Actress
129,1615,Fabian,Marlowe,Producer
130,1293,Laurine,Bailey,Director
131,705,Melissa,Nico,Cinematographer
132,1513,Jodie,Taylor,Director
133,2085,Lemuel,Ellis,Screenwriter
134,611,Cloyd,Emerson,Costume Designer
135,48,Elias,Rowan,Production Designer
136,947,Mia,Angel,Screenwriter
137,750,Drew,Brooklyn,Film Editor
138,726,Corene,Rowan,Production Designer
139,517,Roma,Jules,Music Composer
140,1694,Dell,Harper,Director
141,1301,Aurelie,Avery,Production Designer
142,143,Zechariah,Skyler,Producer
143,3227,Adrianna,London,Actor
144,2525,Arielle,London,Actress
145,3461,Skye,Marlowe,Film Editor
146,672,Alexandre,London,Production Designer
147,2937,Jana,Bailey,Costume Designer
148,765,Ernesto,August,Producer
149,1010,Camila,Parker,Screenwriter
150,1830,Weldon,Corey,Costume Designer